{
  "rmse": 58.35148646792052,
  "rmse_clip": 58.35148646792052,
  "r2": -0.023515872877696076,
  "spearman": 0.2789213225074669,
  "spearman_clip": 0.2789213225074669
}